<annotation>
	<folder>images</folder>
	<filename>img10.jpg</filename>
	<path>C:\Users\z003uf4j\Desktop\New folder (6)\images\img10.jpg</path>
	<source>
		<database>Unknown</database>
	</source>
	<size>
		<width>400</width>
		<height>300</height>
		<depth>3</depth>
	</size>
	<segmented>0</segmented>
	<object>
		<name>water_leakage</name>
		<pose>Unspecified</pose>
		<truncated>0</truncated>
		<difficult>0</difficult>
		<bndbox>
			<xmin>104</xmin>
			<ymin>3</ymin>
			<xmax>314</xmax>
			<ymax>263</ymax>
		</bndbox>
	</object>
</annotation>
