<annotation>
	<folder>images</folder>
	<filename>img1.jpg</filename>
	<path>C:\Users\z003uf4j\Desktop\New folder (6)\images\img1.jpg</path>
	<source>
		<database>Unknown</database>
	</source>
	<size>
		<width>765</width>
		<height>510</height>
		<depth>3</depth>
	</size>
	<segmented>0</segmented>
	<object>
		<name>water_leakage</name>
		<pose>Unspecified</pose>
		<truncated>0</truncated>
		<difficult>0</difficult>
		<bndbox>
			<xmin>307</xmin>
			<ymin>22</ymin>
			<xmax>577</xmax>
			<ymax>366</ymax>
		</bndbox>
	</object>
</annotation>
