<annotation>
	<folder>images</folder>
	<filename>img3.jpg</filename>
	<path>C:\Users\z003uf4j\Desktop\New folder (6)\images\img3.jpg</path>
	<source>
		<database>Unknown</database>
	</source>
	<size>
		<width>1024</width>
		<height>683</height>
		<depth>3</depth>
	</size>
	<segmented>0</segmented>
	<object>
		<name>water_leakage</name>
		<pose>Unspecified</pose>
		<truncated>0</truncated>
		<difficult>0</difficult>
		<bndbox>
			<xmin>503</xmin>
			<ymin>10</ymin>
			<xmax>706</xmax>
			<ymax>491</ymax>
		</bndbox>
	</object>
</annotation>
