<annotation>
	<folder>images</folder>
	<filename>img4.jpg</filename>
	<path>C:\Users\z003uf4j\Desktop\New folder (6)\images\img4.jpg</path>
	<source>
		<database>Unknown</database>
	</source>
	<size>
		<width>500</width>
		<height>500</height>
		<depth>3</depth>
	</size>
	<segmented>0</segmented>
	<object>
		<name>water_leakage</name>
		<pose>Unspecified</pose>
		<truncated>1</truncated>
		<difficult>0</difficult>
		<bndbox>
			<xmin>360</xmin>
			<ymin>10</ymin>
			<xmax>500</xmax>
			<ymax>355</ymax>
		</bndbox>
	</object>
</annotation>
