<annotation>
	<folder>images</folder>
	<filename>img5.jpg</filename>
	<path>C:\Users\z003uf4j\Desktop\New folder (6)\images\img5.jpg</path>
	<source>
		<database>Unknown</database>
	</source>
	<size>
		<width>370</width>
		<height>210</height>
		<depth>3</depth>
	</size>
	<segmented>0</segmented>
	<object>
		<name>water_leakage</name>
		<pose>Unspecified</pose>
		<truncated>1</truncated>
		<difficult>0</difficult>
		<bndbox>
			<xmin>215</xmin>
			<ymin>111</ymin>
			<xmax>370</xmax>
			<ymax>207</ymax>
		</bndbox>
	</object>
</annotation>
