<annotation>
	<folder>images</folder>
	<filename>img7.jpg</filename>
	<path>C:\Users\z003uf4j\Desktop\New folder (6)\images\img7.jpg</path>
	<source>
		<database>Unknown</database>
	</source>
	<size>
		<width>880</width>
		<height>1321</height>
		<depth>3</depth>
	</size>
	<segmented>0</segmented>
	<object>
		<name>water_leakage</name>
		<pose>Unspecified</pose>
		<truncated>0</truncated>
		<difficult>0</difficult>
		<bndbox>
			<xmin>129</xmin>
			<ymin>516</ymin>
			<xmax>245</xmax>
			<ymax>1029</ymax>
		</bndbox>
	</object>
</annotation>
