<annotation>
	<folder>images</folder>
	<filename>img8.jpg</filename>
	<path>C:\Users\z003uf4j\Desktop\New folder (6)\images\img8.jpg</path>
	<source>
		<database>Unknown</database>
	</source>
	<size>
		<width>852</width>
		<height>480</height>
		<depth>3</depth>
	</size>
	<segmented>0</segmented>
	<object>
		<name>water_leakage</name>
		<pose>Unspecified</pose>
		<truncated>0</truncated>
		<difficult>0</difficult>
		<bndbox>
			<xmin>431</xmin>
			<ymin>77</ymin>
			<xmax>700</xmax>
			<ymax>359</ymax>
		</bndbox>
	</object>
	<object>
		<name>water_leakage</name>
		<pose>Unspecified</pose>
		<truncated>0</truncated>
		<difficult>0</difficult>
		<bndbox>
			<xmin>123</xmin>
			<ymin>45</ymin>
			<xmax>256</xmax>
			<ymax>142</ymax>
		</bndbox>
	</object>
	<object>
		<name>water_leakage</name>
		<pose>Unspecified</pose>
		<truncated>0</truncated>
		<difficult>0</difficult>
		<bndbox>
			<xmin>712</xmin>
			<ymin>109</ymin>
			<xmax>783</xmax>
			<ymax>256</ymax>
		</bndbox>
	</object>
	<object>
		<name>water_leakage</name>
		<pose>Unspecified</pose>
		<truncated>0</truncated>
		<difficult>0</difficult>
		<bndbox>
			<xmin>786</xmin>
			<ymin>118</ymin>
			<xmax>845</xmax>
			<ymax>241</ymax>
		</bndbox>
	</object>
	<object>
		<name>water_leakage</name>
		<pose>Unspecified</pose>
		<truncated>0</truncated>
		<difficult>0</difficult>
		<bndbox>
			<xmin>150</xmin>
			<ymin>222</ymin>
			<xmax>205</xmax>
			<ymax>401</ymax>
		</bndbox>
	</object>
	<object>
		<name>water_leakage</name>
		<pose>Unspecified</pose>
		<truncated>0</truncated>
		<difficult>0</difficult>
		<bndbox>
			<xmin>338</xmin>
			<ymin>113</ymin>
			<xmax>429</xmax>
			<ymax>249</ymax>
		</bndbox>
	</object>
</annotation>
