<annotation>
	<folder>images</folder>
	<filename>img9.jpg</filename>
	<path>C:\Users\z003uf4j\Desktop\New folder (6)\images\img9.jpg</path>
	<source>
		<database>Unknown</database>
	</source>
	<size>
		<width>852</width>
		<height>480</height>
		<depth>3</depth>
	</size>
	<segmented>0</segmented>
	<object>
		<name>water_leakage</name>
		<pose>Unspecified</pose>
		<truncated>0</truncated>
		<difficult>0</difficult>
		<bndbox>
			<xmin>411</xmin>
			<ymin>34</ymin>
			<xmax>653</xmax>
			<ymax>369</ymax>
		</bndbox>
	</object>
	<object>
		<name>water_leakage</name>
		<pose>Unspecified</pose>
		<truncated>0</truncated>
		<difficult>0</difficult>
		<bndbox>
			<xmin>431</xmin>
			<ymin>57</ymin>
			<xmax>541</xmax>
			<ymax>171</ymax>
		</bndbox>
	</object>
	<object>
		<name>water_leakage</name>
		<pose>Unspecified</pose>
		<truncated>0</truncated>
		<difficult>0</difficult>
		<bndbox>
			<xmin>421</xmin>
			<ymin>184</ymin>
			<xmax>687</xmax>
			<ymax>356</ymax>
		</bndbox>
	</object>
	<object>
		<name>water_leakage</name>
		<pose>Unspecified</pose>
		<truncated>0</truncated>
		<difficult>0</difficult>
		<bndbox>
			<xmin>452</xmin>
			<ymin>303</ymin>
			<xmax>712</xmax>
			<ymax>410</ymax>
		</bndbox>
	</object>
	<object>
		<name>water_leakage</name>
		<pose>Unspecified</pose>
		<truncated>0</truncated>
		<difficult>0</difficult>
		<bndbox>
			<xmin>394</xmin>
			<ymin>21</ymin>
			<xmax>457</xmax>
			<ymax>64</ymax>
		</bndbox>
	</object>
	<object>
		<name>water_leakage</name>
		<pose>Unspecified</pose>
		<truncated>0</truncated>
		<difficult>0</difficult>
		<bndbox>
			<xmin>408</xmin>
			<ymin>187</ymin>
			<xmax>490</xmax>
			<ymax>278</ymax>
		</bndbox>
	</object>
</annotation>
